{
    "meta": {
        "num_tuples": 10000,
        "num_attributes": 6,
        "num_attributes_in_BN": 5,
        "all_attributes": [
            "id",
            "cit",
            "age",
            "race",
            "sex",
            "inc"
        ],
        "candidate_keys": [
            "id"
        ],
        "non_categorical_string_attributes": [],
        "attributes_in_BN": [
            "race",
            "inc",
            "sex",
            "cit",
            "age"
        ]
    },
    "attribute_description": {
        "id": {
            "name": "id",
            "data_type": "Integer",
            "is_categorical": false,
            "is_candidate_key": true,
            "min": 1,
            "max": 10000,
            "missing_rate": 0.0,
            "distribution_bins": [
                1.0,
                500.95,
                1000.9,
                1500.85,
                2000.8,
                2500.75,
                3000.7,
                3500.65,
                4000.6,
                4500.55,
                5000.5,
                5500.45,
                6000.4,
                6500.349999999999,
                7000.3,
                7500.25,
                8000.2,
                8500.15,
                9000.1,
                9500.05
            ],
            "distribution_probabilities": [
                0.04989036819312554,
                0.05034847451120243,
                0.050017177066807354,
                0.04988173159907769,
                0.04962308941453931,
                0.05013162606200432,
                0.049655309324819874,
                0.05131196704021229,
                0.05239872898995432,
                0.049523780270237454,
                0.05066011339242146,
                0.04984735089828899,
                0.049933741910791925,
                0.05168510849863656,
                0.0478449268303976,
                0.04804826691887078,
                0.04659365821908147,
                0.05087777843739036,
                0.050597268982533576,
                0.05112953343960666
            ]
        },
        "cit": {
            "name": "cit",
            "data_type": "Integer",
            "is_categorical": true,
            "is_candidate_key": false,
            "min": 0,
            "max": 1,
            "missing_rate": 0.0,
            "distribution_bins": [
                0,
                1
            ],
            "distribution_probabilities": [
                0.0809231892992093,
                0.9190768107007907
            ]
        },
        "age": {
            "name": "age",
            "data_type": "Integer",
            "is_categorical": true,
            "is_candidate_key": false,
            "min": 0,
            "max": 1,
            "missing_rate": 0.0,
            "distribution_bins": [
                0,
                1
            ],
            "distribution_probabilities": [
                0.04358743426855876,
                0.9564125657314413
            ]
        },
        "race": {
            "name": "race",
            "data_type": "Integer",
            "is_categorical": true,
            "is_candidate_key": false,
            "min": 0,
            "max": 1,
            "missing_rate": 0.0,
            "distribution_bins": [
                0,
                1
            ],
            "distribution_probabilities": [
                0.23111570423988165,
                0.7688842957601184
            ]
        },
        "sex": {
            "name": "sex",
            "data_type": "Integer",
            "is_categorical": true,
            "is_candidate_key": false,
            "min": 0,
            "max": 1,
            "missing_rate": 0.0,
            "distribution_bins": [
                0,
                1
            ],
            "distribution_probabilities": [
                0.4863876740039165,
                0.5136123259960835
            ]
        },
        "inc": {
            "name": "inc",
            "data_type": "Integer",
            "is_categorical": true,
            "is_candidate_key": false,
            "min": 0,
            "max": 1,
            "missing_rate": 0.0,
            "distribution_bins": [
                0,
                1
            ],
            "distribution_probabilities": [
                0.3228906805296106,
                0.6771093194703894
            ]
        }
    },
    "bayesian_network": [
        [
            "race",
            [
                "cit"
            ]
        ],
        [
            "age",
            [
                "race",
                "cit"
            ]
        ],
        [
            "inc",
            [
                "age",
                "race"
            ]
        ],
        [
            "sex",
            [
                "age",
                "race"
            ]
        ]
    ],
    "conditional_probabilities": {
        "cit": [
            0.07809970386675467,
            0.9219002961332453
        ],
        "race": {
            "[0]": [
                0.49167459040888123,
                0.5083254095911188
            ],
            "[1]": [
                0.21032678336519284,
                0.789673216634807
            ]
        },
        "age": {
            "[0, 0]": [
                0.036448422481407644,
                0.9635515775185923
            ],
            "[0, 1]": [
                0.05776299069258806,
                0.9422370093074119
            ],
            "[1, 0]": [
                0.015114093661619189,
                0.9848859063383808
            ],
            "[1, 1]": [
                0.041895553228698736,
                0.9581044467713012
            ]
        },
        "inc": {
            "[0, 0]": [
                0.9920835276737615,
                0.007916472326238431
            ],
            "[0, 1]": [
                0.9871366937840039,
                0.012863306215996158
            ],
            "[1, 0]": [
                0.3887118785619214,
                0.6112881214380785
            ],
            "[1, 1]": [
                0.2636437270728745,
                0.7363562729271256
            ]
        },
        "sex": {
            "[0, 0]": [
                0.47619182505856905,
                0.523808174941431
            ],
            "[0, 1]": [
                0.49197180467501483,
                0.5080281953249852
            ],
            "[1, 0]": [
                0.49522082091844805,
                0.5047791790815519
            ],
            "[1, 1]": [
                0.48601691856103885,
                0.5139830814389611
            ]
        }
    }
}